A, N, Efficiency, throughput
7,20,0.956801462,0.20315
7,40,0.612253018,0.4001
7,60,0.384791169,0.5523
7,80,0.276564669,0.64835
7,100,0.194840241,0.76245
10,20,0.793004445,0.28725
10,40,0.431135353,0.5269
10,60,0.248635223,0.69775
10,80,0.165613018,0.8143
10,100,0.118162589,0.88735
20,20,0.453504094,0.5313
20,40,0.171274776,0.83155
20,60,0.095000906,0.96245
20,80,0.063296282,1.0205
20,100,0.047383142,1.061